source,count
Introduction_To_Computer_Science_-_WEB.pdf,3659
Workplace_Software_and_Skills_-_WEB_IlfJtcP.pdf,3079
Foundations_of_Information_Systems_-_WEB_oNlbGYl.pdf,2281
Cracking the coding interview 6th edition-1.pdf,2266
Cracking the coding interview 6th edition.pdf,2266
Software Engineering at Google-1.pdf,2062
Software Engineering at Google.pdf,2062
College_Success_-_WEB_zQGCJTr.pdf,1583
Preparing-for-College-Success-WEB_s0m0YMs.pdf,1105
College_Success_Concise.pdf,896
Competitive Programmer_s Handbook.pdf,653
The Self-Taught Programmer.pdf,545
SQL Tutorial.pdf,492
50-Coding-Interview-Questions.pdf,49
SQL-1.pdf,38
SQL-2.pdf,38
SQL.pdf,38
FAANG.pdf,11
